,Unnamed: 0,Time,Text,Sentiment
0,0,2019-01-07 12:04:02+00:00,two china banks receive approval wealth management subsidiaries. bank communications agricultural bank china secure go ahead the banking insurance regulatory commission.,"[72.39725340771955, 99.24462000396034, 14.424943519787902]"
1,1,2019-01-08 15:11:46+00:00,agricultural bank china a morningstar | chinas latest rrr cut comes expected has limited impact chinese banks we see china’s latest cut its reserve requirement ratio having limited impact the valuations the chinese…,"[52.08154884613642, 80.95889917623927, -8.653609453008684]"
2,2,2019-01-09 12:14:27+00:00,"xiang songzuo, former chief economist the agricultural bank china, spells the problems ahead despite signs ‘optimism’ trade talks","[76.10880131676332, 77.6748851133342, -10.984861932066991]"
3,3,2019-01-10 15:46:36+00:00,"“basically, china’s economy all built speculation, everything over leveraged,” former chief economist the agricultural bank china, xiang songzuo , told seminar the renmin business school the end last month.","[82.83183613452111, 83.58381759553748, -7.141953486781162]"
4,4,2019-01-10 07:21:40+00:00,"xiang songzuo, former chief economist the agricultural bank china, spells the problems ahead despite signs ‘optimism’ trade talks. story gordon watts","[76.35527458372476, 77.9389023173023, -10.70124606543014]"
5,5,2019-01-11 22:21:26+00:00,"xiang songzuo, former chief economist the agricultural bank china, spells the problems ahead despite signs ‘optimism’ trade talkshttp via asiatimesonline","[74.60472391998704, 66.113098058174, -11.042020345906948]"
6,6,2019-01-11 14:29:16+00:00,"china signs economy close falling a cliff. former chief economist agricultural bank china says ""growth was probably negative"". u.s holds the key leverage balloons | askbrokers china","[92.96868715520743, 87.49567894445967, -9.459579202915833]"
7,7,2019-01-12 00:47:08+00:00,the largest banks the world assets . industrial commercial bank china us trillion . china construction bank corporation us . trillion . agricultural bank china us . trillion . bank china us trillion,"[48.96675148218417, 84.27235707176663, -10.301587980741132]"
8,8,2019-01-14 18:15:05+00:00,"mfanisenizuma yep was contrasting ghana agricultural development bank the agricultural development bank china. one development bank in name, much like ours.","[65.96638147777905, 52.06711588678321, -9.194743270815678]"
9,9,2019-01-14 17:45:35+00:00,"julietmokoena i find ghana agricultural development bank government owns , is development only in name compared agricultural development bank china, is policy bank ""responsible funding projects related china economic growth.""","[110.20678546609412, 107.69996837797486, 3.141755873810652]"
10,10,2019-01-18 08:34:37+00:00,rippledarth kieranmlkelly rossmacfirdeen ripple here the top industrial &amp; commercial bank china. china construction bank corp. agricultural bank china. bank china. hsbc holdings hsbc jpmorgan chase &amp; co. bnp paribas. mitsubishi ufj financial group.,"[104.03717742924015, 117.52473006561489, -7.133105457500861]"
11,11,2019-01-20 14:13:35+00:00,what’s propelling agricultural bank of china ordinary shar acgbf after lower shorts reported?,"[17.501863064124475, 18.832180174369732, -10.822527196507245]"
12,12,2019-01-20 14:13:32+00:00,could agricultural bank of china ordinary shar acgbf change direction after less shorts?,"[6.703327776670062, 17.317307783134716, 1.473689246196706]"
13,13,2019-01-21 10:44:05+00:00,agricultural bank china limited is yet see trading action jan,"[29.356078111002628, 18.528469093888646, -10.666381628801702]"
14,14,2019-01-22 07:35:00+00:00,"“they used two measurements. going first estimate, china’s gdp growth year [] about . . and according calculation, the growth rate negative,” xiang, the former chief economist the agricultural bank china,","[47.831898198473844, 59.96013886267724, -7.960773822234771]"
15,15,2019-01-23 09:15:00+00:00,agricultural bank china limited increases . jan,"[10.819694291415917, 19.642469572011407, -11.239511847585774]"
16,16,2019-01-25 21:22:21+00:00,recent sco military cooperation led forces kazakhstan finding drugs ammunition a smuggling route bri route. there also failed efforts hack the agricultural bank china unknown sources,"[85.08234011314981, 55.520795406297324, 1.2768391764333984]"
17,17,2019-01-27 20:11:36+00:00,what next agricultural bank of china ordinary shar acgbf stock after decrease shorted shares?,"[18.55386126893919, 18.88779326736727, 1.53226793015385]"
18,18,2019-01-28 02:34:16+00:00,"""last month, former chief economist agricultural bank china gave speech citing internal report a major institution analyzing chinese growth applied two measures one found growth . percent, the other it negative. x…","[94.14950269034352, 55.289969108366606, -9.261842205551844]"
19,19,2019-01-30 04:38:41+00:00,reuters agricultural bank china plans issue bln yuan tier capital bonds; first batch worth bln yuan to be issued lunar new year holiday sources,"[42.146835894300374, 27.15046395567684, -10.89685043417559]"
