,Time,Text
0,2019-01-01 13:15:46+00:00,how many overseas branches china construction bank have? wheels coming china belt road megaproject?
1,2019-01-02 08:00:39+00:00,"bank china, china construction bank get wealth management units shake of us . trillion industry"
2,2019-01-02 06:54:48+00:00,china construction bank bullish uk opportunities
3,2019-01-03 16:21:00+00:00,"retailbanking, consumerbanking market bnp paribas, citigroup, hsbc, icbc, jpmorgan chase, bank america, barclays, china construction bank, deutsche bank, wells fargo, mitsubishi ufj financial group via openpr"
4,2019-01-03 11:47:06+00:00,"retailbanking, consumerbanking market bnp paribas, citigroup, hsbc, icbc, jpmorgan chase, bank america, barclays, china construction bank, deutsche bank, wells fargo, mitsubishi ufj financial group via openpr"
5,2019-01-03 05:29:25+00:00,"if s one country knows effectively use soes is china. • soes china railway corp funded state banks china construction bank • state banks offer lower interest rates commercial banks &amp; funding, thanks to their reserve bank."
6,2019-01-03 02:20:51+00:00,why buy china realestate the chairman state bank chinaconstructionbank advises warns it? —&gt;
7,2019-01-04 18:15:00+00:00,"retailbanking market bnp paribas, citigroup, hsbc, icbc, jpmorgan chase, bank america, barclays, china construction bank, deutsche bank, wells fargo, mitsubishi ufj financial group via openpr"
8,2019-01-04 06:44:55+00:00,"china further cut taxes fees to support small private companies, said premier li keqiang friday visiting bank china, industrial commercial bank china china construction bank."
9,2019-01-04 05:31:32+00:00,"marketplace i wanted short bank china china construction bank, would i that?"
10,2019-01-04 04:05:16+00:00,"retailbanking market bnp paribas, citigroup, hsbc, icbc, jpmorgan chase, bank america, barclays, china construction bank, deutsche bank, wells fargo, mitsubishi ufj financial group via openpr"
11,2019-01-06 08:41:16+00:00,china construction bank corporation soars . jan
12,2019-01-08 23:43:38+00:00,"acoupleokooks mikeinmoema how veb, alfa bank, china construction bank, zte, metallurgical corporation china, bank cyprus, deutsche bank?"
13,2019-01-08 20:06:15+00:00,"long buy/add tdf . . . templeton dragon fund pm holdings greaterchina taiwansemiconductormanufacturing, tencent, alibaba, sinopec, antasports, aiagroup, unipresident, chinaconstructionbank, dairyfarminternational, chinamerchantsbank"
14,2019-01-08 15:11:08+00:00,china construction bank h chinas latest rrr cut comes expected has limited impact chinese banks we see china’s latest cut its reserve requirement ratio having limited impact the valuations the chinese banks cover. we…
15,2019-01-08 15:11:08+00:00,china construction bank a morningstar | chinas latest rrr cut comes expected has limited impact chinese banks we see china’s latest cut its reserve requirement ratio having limited impact the valuations the chinese banks…
16,2019-01-08 12:09:02+00:00,surprise the bankensector office newyear cupcakes the chinaconstructionbank amsterdam branch. thx
17,2019-01-09 14:09:52+00:00,"china construction bank first ""big four"" state banks launch platform customers trade wealth management products, lenders search ways boost demand investments longer maturities comply new regulations."
18,2019-01-10 12:57:28+00:00,"retail banking market research report leading key players bnp paribas, citigroup, hsbc, icbc, jpmorgan chase, bank america, barclays, china construction bank, deutsche bank, mitsubishi ufj financial group, wells fargo via openpr"
19,2019-01-11 23:49:47+00:00,"""dear person, m mr. zhu qi china construction bank hong kong. m sorry inform that long lost uncle passed away a rare disease. deceased client entrusted with million fortune asked to disperse to his…"
20,2019-01-11 17:15:31+00:00,guivanveen eskom sa khuluphasiwe nooooo. china construction bank operates separately frm std bank sa.
21,2019-01-11 08:00:38+00:00,free until cob monday… the euromoney class – ccb growing well dark clouds ahead | chinaconstructionbank | banking |
22,2019-01-12 00:47:08+00:00,the largest banks the world assets . industrial commercial bank china us trillion . china construction bank corporation us . trillion . agricultural bank china us . trillion . bank china us trillion
23,2019-01-13 23:50:11+00:00,"the january edition also includes review important banks the world. i wrote the critiques dbsbank , stanchart , mufg btmu official , icbc cn china construction bank, mixed bag"
24,2019-01-13 15:30:24+00:00,free until cob monday… euromoney class – ccb growing well dark clouds ahead | chinaconstructionbank | banking |
25,2019-01-14 10:38:43+00:00,china construction bank corporation decline . jan
26,2019-01-15 11:25:13+00:00,china construction bank corporation moves up . jan
27,2019-01-17 06:19:33+00:00,"moodys investors service china construction bank asia corp. ltd. key facts statistics h june a summary company profile, detailing china construction bank asia corporation limited’s business operations financial highlights."
28,2019-01-18 16:49:02+00:00,traciemac bmore china construction bank = eric prince?
29,2019-01-18 14:04:51+00:00,"q china uk hoppers is still pretty much impossible access funds your chinese bank account china construction bank specifically you’re the uk? seems unionpaysecure cards still generally accepted the uk, right? thx"
30,2019-01-18 08:34:37+00:00,rippledarth kieranmlkelly rossmacfirdeen ripple here the top industrial &amp; commercial bank china. china construction bank corp. agricultural bank china. bank china. hsbc holdings hsbc jpmorgan chase &amp; co. bnp paribas. mitsubishi ufj financial group.
31,2019-01-18 07:19:18+00:00,this atm machine china construction bank shenzhen allows to withdraw money using facial recognition facialrecognition china shenzhen atm bank
32,2019-01-22 12:05:55+00:00,no. = deutsche bank no. = mizuho bank no. = china construction bank
33,2019-01-22 07:53:15+00:00,what you mean african company ? no. ? china construction bank ? that all african
34,2019-01-22 07:11:18+00:00,"retail banking market bnp paribas, citigroup, hsbc, icbc, jpmorgan chase, bank america, barclays, china construction bank, deutsche bank, mitsubishi ufj financial group, wells fargo – openpr – chase bank"
35,2019-01-23 17:30:05+00:00,"on th january , chinese premier li keqiang visited bank china, industrial commercial bank china china construction bank. after visit held meeting the china banking and..."
36,2019-01-23 17:09:01+00:00,"china chinareforms financialsupport smes on th january , chinese premier li keqiang visited bank china, industrial commercial bank china china construction bank. after visit held meeting…"
37,2019-01-23 16:03:29+00:00,top valuable brands brand finance . amazon . apple . google . microsoft . samsung . at&amp;t . facebook . icbc . verizon . china construction bank
38,2019-01-23 09:21:21+00:00,here the list world’s top valuable brands amazon apple google microsoft samsung at&amp;t facebook icbc verizon china construction bank sokonews
39,2019-01-23 08:57:15+00:00,amazon here the list world’s top valuable brands . amazon . apple . google . microsoft . samsung . at&amp;t . facebook . icbc . verizon . china construction bank sokonews
40,2019-01-23 08:56:50+00:00,amazon here the list world’s top valuable brands . amazon . apple . google . microsoft . samsung . at&amp;t . facebook . icbc . verizon . china construction bank sokonews
41,2019-01-23 08:44:24+00:00,amazon here the list world’s top valuable brands amazon apple google microsoft samsung at&amp;t facebook icbc verizon china construction bank sokonews
42,2019-01-23 01:06:29+00:00,"alaskans ,, shares china construction bank corp, worth ,,. it from banks sector, based china."
43,2019-01-24 17:38:08+00:00,"join us the upcoming riskamerica may | new york city . frank sansone, treasurer, china construction bank, provides thoughts why s important attend risk americas . fintech blockchain fraud technology machinelearning"
44,2019-01-24 15:00:21+00:00,the world most valuable brands according the latest brand finance global report launched today the world economic forum davos amazon apple google microsoft samsung at&amp;t facebook icbc verizon china construction bank
45,2019-01-24 04:56:35+00:00,china construction bank trial facial scan payments shanghai trams ccb chinesefintech chinesepayments
46,2019-01-25 17:21:42+00:00,world s top most valuable brands . amazon . apple . google . microsoft . samsung . at&amp;t . facebook . icbc . verizon . china construction bank source brand finance global bfglobal
47,2019-01-26 09:33:53+00:00,"cry ""china construction bank"" to forget self respect"
48,2019-01-26 08:11:00+00:00,here the list world’s top valuable brands . amazon . apple . google . microsoft . samsung . at&amp;t . facebook . icbc . verizon . china construction bank sokoweekend
49,2019-01-26 06:00:00+00:00,tag mate a killer backhand like dimaovtcharov ️ weekgo till china construction bank ittf europe top cup ittfeuropecup ittfworldcup
50,2019-01-27 08:59:05+00:00,here the list world’s top valuable brands amazon apple google microsoft samsung at&amp;t facebook icbc verizon china construction bank sokoweekend
51,2019-01-28 11:00:00+00:00,top most valuable brands according brand finance global ; . amazon . applesupport . google . microsoft . samsung . at&amp;t . facebook . icbc . verizon . china construction bank c.c dailymonitor ntvuganda kfm dembefm sparktvuganda nationmediagrp
52,2019-01-28 10:31:49+00:00,china construction bank corporation rises . jan
53,2019-01-29 14:32:06+00:00,china construction bank h pboc launches swaps improve liquidity banks perpetual bonds; neutral impact chinese banks following people bank china announcement it launch central bank bill swaps improve the…
54,2019-01-29 07:07:40+00:00,world top valuable brands. . . apple . google . microsoft . samsung . at&amp;t . facebook . icbc . verizon . chinaconstructionbank source nextbigbrand
55,2019-01-29 00:04:47+00:00,some nz influential ex political leaders on payroll the china construction bank the nz chinese milk companies
